"V1","V2","V3","V4","V5","V6","V7","V8","V9","V10"
11,86,32,21,25,83,66,64,97,26
24,6,74,39,53,44,83,15,41,1
30,78,50,95,21,30,39,48,32,68
19,18,22,28,25,67,25,92,54,69
16,7,78,3,42,68,51,79,88,35
48,30,70,21,79,44,22,69,87,42
81,32,36,77,33,83,20,47,93,47
15,20,15,84,55,14,45,20,88,76
21,97,45,96,11,42,76,34,50,58
11,9,8,19,87,13,93,10,95,6
48,48,72,56,63,82,92,57,26,28
99,19,76,70,39,20,83,72,75,12
70,7,3,69,61,19,86,65,12,32
36,79,12,39,10,57,83,77,39,88
61,42,22,17,28,94,51,40,42,74
49,20,44,18,76,30,23,79,44,73
87,88,27,42,70,96,86,46,44,61
46,58,94,47,51,59,54,84,16,59
